{"cameraMode":{"drawMode":0,"name":"Shaded","section":"Shading Mode"},"sceneLighting":true,"audioPlay":false,"sceneViewState":{"showFog":true,"showMaterialUpdate":false,"showSkybox":true,"showFlares":true,"showImageEffects":true,"showParticleSystems":true},"in2DMode":false,"pivot":{"x":1.6976432800292969,"y":0.10500240325927735,"z":-5.104944229125977},"rotation":{"x":-0.13147465884685517,"y":-0.7025687098503113,"z":0.13464447855949403,"w":-0.6863410472869873},"size":6.651734828948975,"orthographic":false}